{"cameraMode":{"drawMode":0,"name":"Shaded","section":"Shading Mode"},"sceneLighting":false,"audioPlay":false,"sceneViewState":{"m_AlwaysRefresh":false,"showFog":true,"showSkybox":false,"showFlares":true,"showImageEffects":true,"showParticleSystems":true,"showVisualEffectGraphs":true,"m_FxEnabled":true},"in2DMode":false,"pivot":{"x":-1.1093559265136719,"y":0.34457218647003176,"z":0.27647924423217776},"rotation":{"x":0.07753244787454605,"y":-0.09942913800477982,"z":0.00777116185054183,"w":0.9919889569282532},"size":1.7184985876083375,"orthographic":true}