{"cameraMode":{"drawMode":0,"name":"Shaded","section":"Shading Mode"},"sceneLighting":false,"audioPlay":false,"sceneViewState":{"m_AlwaysRefresh":false,"showFog":true,"showSkybox":false,"showFlares":true,"showImageEffects":true,"showParticleSystems":true,"showVisualEffectGraphs":true,"m_FxEnabled":true},"in2DMode":false,"pivot":{"x":1.6975557804107667,"y":1.636126160621643,"z":1.9220170974731446},"rotation":{"x":-0.03541574627161026,"y":-0.21945469081401826,"z":0.007971380837261677,"w":-0.9749510288238525},"size":4.766025543212891,"orthographic":false}