{"cameraMode":{"drawMode":0,"name":"Shaded","section":"Shading Mode"},"sceneLighting":false,"audioPlay":false,"sceneViewState":{"m_AlwaysRefresh":false,"showFog":true,"showSkybox":false,"showFlares":true,"showImageEffects":true,"showParticleSystems":true,"showVisualEffectGraphs":true,"m_FxEnabled":true},"in2DMode":false,"pivot":{"x":-0.000027341768145561218,"y":0.1160808652639389,"z":-0.013133704662322998},"rotation":{"x":0.13255800306797028,"y":0.8644849061965942,"z":-0.3019109070301056,"w":0.37953129410743716},"size":1.258561134338379,"orthographic":true}